"date","4chan","Twitter","Facebook","Reddit"
2020-01-22,12,117,26,5
2020-01-23,4,1972,57,26
2020-01-24,23,6269,118,99
2020-01-25,65,6814,128,74
2020-01-26,128,6037,207,74
2020-01-27,164,6820,365,138
2020-01-28,146,3382,465,107
2020-01-29,264,4392,283,70
2020-01-30,197,2979,277,66
2020-01-31,166,4465,359,93
2020-02-22,36,890,194,61
2020-02-24,71,1467,249,72
2020-02-25,43,1192,281,64
2020-02-26,79,988,215,56
2020-02-27,53,1163,254,82
2020-02-28,65,1870,251,83
2020-02-29,65,3118,279,90
2020-03-01,64,2302,271,89
2020-03-02,57,527,256,50
2020-03-03,61,1446,166,56
2020-03-04,85,1542,225,51
2020-03-05,43,713,229,61
2020-03-06,55,818,237,62
2020-03-08,66,942,169,56
2020-03-09,29,787,270,145
2020-03-10,63,502,178,98
2020-03-13,66,1335,552,198
2020-03-14,109,570,504,129
2020-03-15,76,390,488,84
2020-03-16,57,444,496,120
2020-03-17,67,695,425,121
2020-03-18,97,527,603,115
2020-03-19,60,583,631,125
2020-03-20,76,449,602,102
2020-03-22,89,997,1164,163
2020-03-23,74,685,842,125
2020-03-24,65,417,705,104
2020-03-25,91,431,1066,103
2020-03-26,55,560,794,108
2020-03-27,44,468,662,146
2020-03-28,60,539,562,87
2020-03-29,43,931,657,83
2020-03-30,41,762,713,97
2020-03-31,38,564,1276,99
